datasize,read_throughput_GB/s,write_throughput_GB/s
4/4(KiB),0.004941,0.012426
15/16(KiB),0.008385,0.019623
45/64(KiB),0.041585,0.041464
231/256(KiB),0.098656,0.157469
946/1024(KiB),0.354490,0.395344
3448/4096(KiB),0.707003,0.843776
15316/16384(KiB),2.299508,1.835776
59546/65536(KiB),4.242939,2.632078
209667/262144(KiB),6.661582,3.289689
